INSERT INTO cards (id, type, image)
	VALUES (29, 4, "/img/card/29.jpg");
INSERT INTO cards_element_costs (cardid, element, count)
	VALUES (29, 0, 1);
INSERT INTO cards_element_costs (cardid, element, count)
	VALUES (29, 1, 1);
INSERT INTO cards_text (cardid, language, name, description, flavor)
	VALUES (29, "en-US", "Handrails", "<se-symbol-tap></se-symbol-tap>: Untap target permanent", "");

INSERT INTO cards (id, type, image)
	VALUES (30, 4, "/img/card/30.jpg");
INSERT INTO cards_element_costs (cardid, element, count)
	VALUES (30, 0, 1);
INSERT INTO cards_element_costs (cardid, element, count)
	VALUES (30, 2, 1);
INSERT INTO cards_text (cardid, language, name, description, flavor)
	VALUES (30, "en-US", "Wand of Suppression", "<se-symbol-tap></se-symbol-tap>: Tap target permanent", "");

INSERT INTO cards (id, type, image)
	VALUES (31, 3, "/img/card/31.jpg");
INSERT INTO cards_element_costs (cardid, element, count)
	VALUES (31, 0, 1);
INSERT INTO cards_element_costs (cardid, element, count)
	VALUES (31, 3, 1);
INSERT INTO cards_text (cardid, language, name, description, flavor)
	VALUES (31, "en-US", "Sunfeeder Elf", "2/3<br/><se-symbol-tap></se-symbol-tap>:Sunfeeder Elf gets +1/+0", "None can grow like those that feed on the sun");

INSERT INTO cards (id, type, image)
	VALUES (32, 3, "/img/card/32.jpg");
INSERT INTO cards_element_costs (cardid, element, count)
	VALUES (32, 0, 1);
INSERT INTO cards_element_costs (cardid, element, count)
	VALUES (32, 4, 1);
INSERT INTO cards_text (cardid, language, name, description, flavor)
	VALUES (32, "en-US", "Instigator", "2/3<br/><se-symbol element='4'></se-symbol>:Instigator gets +1/+1", "");

INSERT INTO cards (id, type, image)
	VALUES (33, 2, "/img/card/33.jpg");
INSERT INTO cards_element_costs (cardid, element, count)
	VALUES (33, 0, 1);
INSERT INTO cards_element_costs (cardid, element, count)
	VALUES (33, 5, 1);
INSERT INTO cards_text (cardid, language, name, description, flavor)
	VALUES (33, "en-US", "Lightning Strike", "Deal 3 damage to target creature", "");

INSERT INTO cards (id, type, image)
	VALUES (34, 3, "/img/card/34.jpg");
INSERT INTO cards_element_costs (cardid, element, count)
	VALUES (34, 0, 1);
INSERT INTO cards_element_costs (cardid, element, count)
	VALUES (34, 6, 1);
INSERT INTO cards_text (cardid, language, name, description, flavor)
	VALUES (34, "en-US", "Sprite", "2/3<br/><se-symbol element='0'></se-symbol><se-symbol element='6'></se-symbol>, <se-symbol-tap></se-symbol-tap>: Create a clone of Sprite", "");

INSERT INTO cards (id, type, image)
	VALUES (35, 2, "/img/card/35.jpg");
INSERT INTO cards_element_costs (cardid, element, count)
	VALUES (35, 0, 1);
INSERT INTO cards_element_costs (cardid, element, count)
	VALUES (35, 7, 1);
INSERT INTO cards_text (cardid, language, name, description, flavor)
	VALUES (35, "en-US", "Grave Birth", "Move target create card from your graveyard to the battlefield tapped, then you lose 2 life", "Thriller!");
